Prénom,Nom,Campus,E-mail
Mohamed,Adam,Toulouse,mohamed.adam@live.fr
Lina,Adam,Lille,lina.adam@orange.fr
Sarah,Adam,Lyon,sarah.adam@live.fr
Louis,Adam,Marseille,louis.adam@gmail.com
Ambre,Andre,Strasbourg,ambre.andre@laposte.net
Lucie,Antoine,Strasbourg,lucie.antoine@laposte.net
Tom,Aubert,Toulouse,tom.aubert@free.fr
Léo,Aubert,Marseille,leo.aubert@gmail.com
Romane,Aubert,Strasbourg,romane.aubert@orange.fr
Mohamed,Bailly,La Loupe,mohamed.bailly@free.fr
Louise,Barbier,Biarritz,louise.barbier@laposte.net
Timéo,Barbier,Tours,timeo.barbier@hotmail.fr
Chloé,Benard,La Loupe,chloe.benard@gmail.com
Liam,Benard,Bruxelles,liam.benard@live.fr
Nathan,Benoit,Biarritz,nathan.benoit@orange.fr
Anna,Benoit,Bordeaux,anna.benoit@laposte.net
Léa,Berger,Tours,lea.berger@laposte.net
Maxime,Berger,Lille,maxime.berger@laposte.net
Sarah,Bernard,Nantes,sarah.bernard@free.fr
Romane,Bertin,Marseille,romane.bertin@free.fr
Ethan,Bertrand,Lyon,ethan.bertrand@orange.fr
Liam,Besson,Toulouse,liam.besson@orange.fr
Zoé,Blanchard,Tours,zoe.blanchard@live.fr
Chloé,Blanchard,Tours,chloe.blanchard@laposte.net
Léa,Blanchard,Lyon,lea.blanchard@gmail.com
Sarah,Bonnet,Bordeaux,sarah.bonnet@orange.fr
Enzo,Bouchet,Bordeaux,enzo.bouchet@live.fr
Hugo,Bouchet,Bruxelles,hugo.bouchet@laposte.net
Louise,Bourgeois,Orléans,louise.bourgeois@orange.fr
Camille,Bourgeois,Tours,camille.bourgeois@gmail.com
Sarah,Bourgeois,Marseille,sarah.bourgeois@orange.fr
Zoé,Bourgeois,Strasbourg,zoe.bourgeois@live.fr
Victor,Bouvier,Bordeaux,victor.bouvier@hotmail.fr
Gabriel,Bouvier,La Loupe,gabriel.bouvier@yahoo.fr
Lucas,Bouvier,Biarritz,lucas.bouvier@gmail.com
Aaron,Bouvier,Tours,aaron.bouvier@orange.fr
Léna,Bouvier,Lyon,lena.bouvier@hotmail.fr
Jade,Boyer,Bruxelles,jade.boyer@yahoo.fr
Victor,Breton,Paris,victor.breton@yahoo.fr
Julia,Breton,Marseille,julia.breton@hotmail.fr
Noah,Brun,Paris,noah.brun@orange.fr
Nathan,Brun,Strasbourg,nathan.brun@gmail.com
Maxime,Brun,Lille,maxime.brun@hotmail.fr
Antoine,Brun,Nantes,antoine.brun@live.fr
Enzo,Brunet,Biarritz,enzo.brunet@gmail.com
Noah,Brunet,Tours,noah.brunet@gmail.com
Chloé,Brunet,Reims,chloe.brunet@live.fr
Louis,Carlier,Bordeaux,louis.carlier@hotmail.fr
Ambre,Carlier,Lyon,ambre.carlier@orange.fr
Léo,Carpentier,Nantes,leo.carpentier@gmail.com
Zoé,Carre,Tours,zoe.carre@yahoo.fr
Nolan,Charles,Bordeaux,nolan.charles@orange.fr
Camille,Charpentier,Nantes,camille.charpentier@orange.fr
Lola,Charpentier,Biarritz,lola.charpentier@live.fr
Chloé,Chauvin,Lyon,chloe.chauvin@hotmail.fr
Victor,Chauvin,Strasbourg,victor.chauvin@hotmail.fr
Gabin,Chauvin,Reims,gabin.chauvin@laposte.net
Noah,Chauvin,Lyon,noah.chauvin@yahoo.fr
Ambre,Chauvin,Lyon,ambre.chauvin@laposte.net
Léna,Chevalier,Toulouse,lena.chevalier@laposte.net
Antoine,Chevalier,Biarritz,antoine.chevalier@hotmail.fr
Maxime,Chevallier,Nantes,maxime.chevallier@free.fr
Gabin,Clement,Orléans,gabin.clement@hotmail.fr
Lucie,Colin,Paris,lucie.colin@yahoo.fr
Gabin,Collet,La Loupe,gabin.collet@free.fr
Romane,Collin,Marseille,romane.collin@hotmail.fr
Enzo,Collin,Paris,enzo.collin@live.fr
Timéo,Cordier,La Loupe,timeo.cordier@free.fr
Aaron,Cordier,Biarritz,aaron.cordier@hotmail.fr
Mathis,Cousin,La Loupe,mathis.cousin@gmail.com
Noah,Da Silva,Strasbourg,noah.da-silva@free.fr
Chloé,Daniel,Paris,chloe.daniel@live.fr
Victor,Daniel,Paris,victor.daniel@laposte.net
Léo,David,Orléans,leo.david@laposte.net
Raphaël,Delaunay,Lyon,raphael.delaunay@hotmail.fr
Camille,Delaunay,Lyon,camille.delaunay@laposte.net
Léo,Delaunay,Reims,leo.delaunay@live.fr
Juliette,Delaunay,Toulouse,juliette.delaunay@yahoo.fr
Louise,Deschamps,Biarritz,louise.deschamps@yahoo.fr
Léna,Dubois,La Loupe,lena.dubois@yahoo.fr
Antoine,Dufour,Bruxelles,antoine.dufour@laposte.net
Mila,Dumas,Toulouse,mila.dumas@live.fr
Paul,Dumas,Bruxelles,paul.dumas@yahoo.fr
Sacha,Dumont,Lille,sacha.dumont@orange.fr
Juliette,Dumont,Bruxelles,juliette.dumont@free.fr
Rose,Dupont,Bordeaux,rose.dupont@free.fr
Mohamed,Dupont,Orléans,mohamed.dupont@live.fr
Nolan,Dupuis,Bordeaux,nolan.dupuis@live.fr
Gabin,Dupuis,Biarritz,gabin.dupuis@yahoo.fr
Gabin,Dupuy,Bruxelles,gabin.dupuy@hotmail.fr
Camille,Dupuy,La Loupe,camille.dupuy@live.fr
Lucas,Durand,Toulouse,lucas.durand@orange.fr
Lucas,Durand,La Loupe,lucas.durand@orange.fr
Mathis,Durand,Bruxelles,mathis.durand@free.fr
Hugo,Duval,Lyon,hugo.duval@gmail.com
Manon,Duval,Reims,manon.duval@laposte.net
Juliette,Duval,Reims,juliette.duval@hotmail.fr
Louis,Duval,Biarritz,louis.duval@orange.fr
Louis,Duval,Strasbourg,louis.duval@free.fr
Mohamed,Fabre,Toulouse,mohamed.fabre@live.fr
Gabin,Faure,Bruxelles,gabin.faure@orange.fr
Mathis,Fernandez,Bordeaux,mathis.fernandez@live.fr
Théo,Fernandez,Lille,theo.fernandez@free.fr
Julia,Fleury,Strasbourg,julia.fleury@gmail.com
Noah,Fontaine,Tours,noah.fontaine@laposte.net
Léna,Francois,Tours,lena.francois@laposte.net
Raphaël,Gaillard,Tours,raphael.gaillard@laposte.net
Victor,Garcia,Lyon,victor.garcia@orange.fr
Léna,Garnier,Toulouse,lena.garnier@orange.fr
Camille,Garnier,Nantes,camille.garnier@free.fr
Emma,Gauthier,Toulouse,emma.gauthier@free.fr
Lucas,Gauthier,Marseille,lucas.gauthier@hotmail.fr
Sarah,Gauthier,Paris,sarah.gauthier@laposte.net
Rose,Gerard,Orléans,rose.gerard@live.fr
Chloé,Gerard,La Loupe,chloe.gerard@orange.fr
Chloé,Germain,Marseille,chloe.germain@orange.fr
Emma,Gilbert,Lille,emma.gilbert@hotmail.fr
Adam,Gillet,Lyon,adam.gillet@orange.fr
Ethan,Gillet,Nantes,ethan.gillet@laposte.net
Lola,Gillet,Biarritz,lola.gillet@yahoo.fr
Enzo,Gillet,Bruxelles,enzo.gillet@gmail.com
Mathis,Girard,Lyon,mathis.girard@hotmail.fr
Manon,Girard,Reims,manon.girard@yahoo.fr
Tom,Giraud,Biarritz,tom.giraud@gmail.com
Léo,Grondin,Reims,leo.grondin@gmail.com
Léa,Grondin,Biarritz,lea.grondin@hotmail.fr
Jade,Grondin,Reims,jade.grondin@orange.fr
Axel,Grondin,Lyon,axel.grondin@live.fr
Maxime,Guerin,Strasbourg,maxime.guerin@orange.fr
Louis,Guerin,Paris,louis.guerin@laposte.net
Timéo,Guichard,Orléans,timeo.guichard@orange.fr
Adam,Guichard,Nantes,adam.guichard@hotmail.fr
Jade,Guillaume,Bordeaux,jade.guillaume@hotmail.fr
Gabin,Guillaume,Reims,gabin.guillaume@free.fr
Camille,Guyot,Paris,camille.guyot@laposte.net
Emma,Guyot,Bordeaux,emma.guyot@laposte.net
Jade,Hamon,Biarritz,jade.hamon@yahoo.fr
Louise,Henry,Tours,louise.henry@live.fr
Julia,Henry,Lyon,julia.henry@laposte.net
Sarah,Herve,Reims,sarah.herve@laposte.net
Paul,Hoarau,Toulouse,paul.hoarau@yahoo.fr
Sacha,Hoarau,Paris,sacha.hoarau@laposte.net
Léna,Hubert,Toulouse,lena.hubert@free.fr
Aaron,Hubert,Bordeaux,aaron.hubert@orange.fr
Lina,Huet,Toulouse,lina.huet@free.fr
Nolan,Humbert,Bordeaux,nolan.humbert@free.fr
Louis,Humbert,Toulouse,louis.humbert@yahoo.fr
Aaron,Humbert,Tours,aaron.humbert@orange.fr
Victor,Julien,Lille,victor.julien@yahoo.fr
Tom,Julien,Marseille,tom.julien@live.fr
Mila,Klein,Nantes,mila.klein@laposte.net
Sacha,Klein,Toulouse,sacha.klein@gmail.com
Manon,Klein,Strasbourg,manon.klein@laposte.net
Jules,Lambert,Paris,jules.lambert@free.fr
Chloé,Lambert,Strasbourg,chloe.lambert@hotmail.fr
Gabin,Lamy,Bruxelles,gabin.lamy@yahoo.fr
Théo,Langlois,Toulouse,theo.langlois@live.fr
Victor,Langlois,Biarritz,victor.langlois@orange.fr
Lucie,Laporte,Bruxelles,lucie.laporte@yahoo.fr
Enzo,Laurent,Paris,enzo.laurent@orange.fr
Liam,Le Gall,La Loupe,liam.le-gall@hotmail.fr
Noah,Le Gall,Nantes,noah.le-gall@live.fr
Zoé,Le Gall,La Loupe,zoe.le-gall@hotmail.fr
Romane,Le Gall,Orléans,romane.le-gall@yahoo.fr
Louis,Le Goff,Bordeaux,louis.le-goff@live.fr
Hugo,Leblanc,Paris,hugo.leblanc@laposte.net
Timéo,Lebrun,Bordeaux,timeo.lebrun@yahoo.fr
Lola,Lebrun,Reims,lola.lebrun@laposte.net
Mila,Leclerc,Bruxelles,mila.leclerc@hotmail.fr
Julia,Leclerc,Bordeaux,julia.leclerc@yahoo.fr
Maxime,Leclercq,Paris,maxime.leclercq@live.fr
Sarah,Lecomte,Toulouse,sarah.lecomte@laposte.net
Lola,Lefebvre,Bordeaux,lola.lefebvre@free.fr
Alice,Lefevre,Biarritz,alice.lefevre@free.fr
Ambre,Lefevre,Marseille,ambre.lefevre@yahoo.fr
Lucas,Lejeune,Strasbourg,lucas.lejeune@gmail.com
Nolan,Lejeune,Paris,nolan.lejeune@hotmail.fr
Léna,Lejeune,Lille,lena.lejeune@gmail.com
Sacha,Lemaire,Nantes,sacha.lemaire@hotmail.fr
Maxime,Lemaitre,Lille,maxime.lemaitre@hotmail.fr
Gabriel,Lemaitre,Nantes,gabriel.lemaitre@live.fr
Tom,Lemaitre,Lille,tom.lemaitre@gmail.com
Manon,Lemaitre,Paris,manon.lemaitre@gmail.com
Timéo,Lemoine,Lille,timeo.lemoine@gmail.com
Tom,Lemoine,Toulouse,tom.lemoine@live.fr
Gabriel,Leveque,Toulouse,gabriel.leveque@hotmail.fr
Mathis,Leveque,Bordeaux,mathis.leveque@hotmail.fr
Louis,Louis,Bruxelles,louis.louis@yahoo.fr
Léa,Louis,Lille,lea.louis@live.fr
Gabriel,Louis,Bordeaux,gabriel.louis@yahoo.fr
Lola,Mallet,Marseille,lola.mallet@hotmail.fr
Nolan,Mallet,Reims,nolan.mallet@live.fr
Timéo,Mallet,Nantes,timeo.mallet@yahoo.fr
Lucie,Marchal,Marseille,lucie.marchal@laposte.net
Zoé,Marchal,Bordeaux,zoe.marchal@laposte.net
Théo,Marchand,Lille,theo.marchand@laposte.net
Timéo,Marechal,Marseille,timeo.marechal@yahoo.fr
Louis,Martin,Paris,louis.martin@orange.fr
Manon,Martinez,Marseille,manon.martinez@free.fr
Jade,Marty,Nantes,jade.marty@live.fr
Juliette,Masson,Tours,juliette.masson@free.fr
Aaron,Masson,Biarritz,aaron.masson@yahoo.fr
Léna,Masson,Lille,lena.masson@gmail.com
Rose,Mathieu,Strasbourg,rose.mathieu@yahoo.fr
Paul,Mathieu,Paris,paul.mathieu@yahoo.fr
Arthur,Mathieu,La Loupe,arthur.mathieu@yahoo.fr
Liam,Mathieu,Tours,liam.mathieu@gmail.com
Rose,Menard,Toulouse,rose.menard@hotmail.fr
Juliette,Menard,Lyon,juliette.menard@free.fr
Mila,Mercier,Lille,mila.mercier@orange.fr
Louise,Meyer,Bordeaux,louise.meyer@orange.fr
Alice,Meyer,Paris,alice.meyer@laposte.net
Léo,Meyer,Strasbourg,leo.meyer@gmail.com
Emma,Meyer,Biarritz,emma.meyer@laposte.net
Théo,Meyer,Paris,theo.meyer@live.fr
Jade,Meyer,Nantes,jade.meyer@orange.fr
Raphaël,Meyer,Tours,raphael.meyer@free.fr
Axel,Michaud,Marseille,axel.michaud@orange.fr
Enzo,Michel,Strasbourg,enzo.michel@orange.fr
Axel,Millet,La Loupe,axel.millet@hotmail.fr
Romane,Millet,Orléans,romane.millet@laposte.net
Sacha,Monnier,Orléans,sacha.monnier@hotmail.fr
Juliette,Moreau,Strasbourg,juliette.moreau@yahoo.fr
Paul,Moreau,La Loupe,paul.moreau@orange.fr
Zoé,Morel,Orléans,zoe.morel@yahoo.fr
Aaron,Morel,Strasbourg,aaron.morel@free.fr
Lucas,Morel,Orléans,lucas.morel@free.fr
Enzo,Morin,Strasbourg,enzo.morin@hotmail.fr
Jade,Muller,Tours,jade.muller@laposte.net
Ambre,Muller,Bordeaux,ambre.muller@live.fr
Sarah,Muller,Biarritz,sarah.muller@yahoo.fr
Julia,Nicolas,Biarritz,julia.nicolas@gmail.com
Raphaël,Noel,Bruxelles,raphael.noel@gmail.com
Romane,Olivier,Nantes,romane.olivier@free.fr
Théo,Olivier,Toulouse,theo.olivier@gmail.com
Sarah,Pasquier,La Loupe,sarah.pasquier@laposte.net
Ethan,Payet,Biarritz,ethan.payet@yahoo.fr
Aaron,Payet,Marseille,aaron.payet@orange.fr
Mohamed,Payet,Nantes,mohamed.payet@live.fr
Zoé,Payet,Bruxelles,zoe.payet@orange.fr
Camille,Perez,Lille,camille.perez@gmail.com
Ambre,Perez,Bruxelles,ambre.perez@live.fr
Tom,Perez,Tours,tom.perez@hotmail.fr
Noah,Perez,Bruxelles,noah.perez@laposte.net
Louise,Perret,Reims,louise.perret@gmail.com
Mila,Perret,Lille,mila.perret@free.fr
Timéo,Perrier,Tours,timeo.perrier@orange.fr
Victor,Perrier,Nantes,victor.perrier@free.fr
Léna,Perrot,Lyon,lena.perrot@hotmail.fr
Enzo,Perrot,Lille,enzo.perrot@hotmail.fr
Adam,Philippe,Orléans,adam.philippe@yahoo.fr
Arthur,Philippe,Lyon,arthur.philippe@yahoo.fr
Théo,Picard,Orléans,theo.picard@laposte.net
Zoé,Pichon,Tours,zoe.pichon@live.fr
Maxime,Pichon,Paris,maxime.pichon@orange.fr
Raphaël,Pierre,Paris,raphael.pierre@laposte.net
Zoé,Poulain,Toulouse,zoe.poulain@yahoo.fr
Liam,Prevost,Orléans,liam.prevost@yahoo.fr
Mohamed,Prevost,Marseille,mohamed.prevost@live.fr
Maxime,Remy,Lyon,maxime.remy@live.fr
Axel,Renard,Lyon,axel.renard@yahoo.fr
Adam,Renard,Tours,adam.renard@laposte.net
Lucas,Renault,Bordeaux,lucas.renault@hotmail.fr
Enzo,Rey,Orléans,enzo.rey@live.fr
Mathis,Rey,Toulouse,mathis.rey@hotmail.fr
Noah,Reynaud,Nantes,noah.reynaud@laposte.net
Zoé,Reynaud,Lyon,zoe.reynaud@yahoo.fr
Inès,Reynaud,Bordeaux,ines.reynaud@orange.fr
Nathan,Reynaud,Tours,nathan.reynaud@free.fr
Aaron,Reynaud,Tours,aaron.reynaud@live.fr
Raphaël,Richard,Paris,raphael.richard@orange.fr
Raphaël,Richard,Biarritz,raphael.richard@orange.fr
Louise,Richard,Bordeaux,louise.richard@laposte.net
Antoine,Robert,Strasbourg,antoine.robert@free.fr
Liam,Robert,Paris,liam.robert@free.fr
Louise,Robin,La Loupe,louise.robin@live.fr
Théo,Robin,Strasbourg,theo.robin@yahoo.fr
Lucas,Rodriguez,Paris,lucas.rodriguez@hotmail.fr
Zoé,Roger,Orléans,zoe.roger@yahoo.fr
Mila,Rousseau,Biarritz,mila.rousseau@hotmail.fr
Arthur,Roussel,Biarritz,arthur.roussel@hotmail.fr
Mila,Roussel,Marseille,mila.roussel@yahoo.fr
Anna,Roux,Nantes,anna.roux@orange.fr
Léo,Roux,Reims,leo.roux@gmail.com
Hugo,Roy,Nantes,hugo.roy@live.fr
Alice,Roy,Reims,alice.roy@laposte.net
Inès,Roy,Toulouse,ines.roy@live.fr
Ambre,Sanchez,Orléans,ambre.sanchez@orange.fr
Mila,Sanchez,Tours,mila.sanchez@live.fr
Louise,Schmitt,Lille,louise.schmitt@laposte.net
Camille,Schmitt,Lyon,camille.schmitt@laposte.net
Gabin,Schneider,La Loupe,gabin.schneider@yahoo.fr
Liam,Schneider,Reims,liam.schneider@laposte.net
Lucie,Thomas,Biarritz,lucie.thomas@free.fr
Alice,Vasseur,Strasbourg,alice.vasseur@free.fr
Léna,Vidal,Paris,lena.vidal@laposte.net
Anna,Vidal,Paris,anna.vidal@gmail.com
Juliette,Vincent,Lyon,juliette.vincent@live.fr
Noah,Weber,Biarritz,noah.weber@live.fr
Louise,Weber,Bordeaux,louise.weber@laposte.net

